Feature Category,Feature Type,Northing,Easting,Elevation,Condition,Activated,Corridor ID
Roadway,EP,200429.225,1031997.655,14.255,0,1,0
Roadway,EP,200429.3051,1031997.079,14.2449,0,1,0
Roadway,EP,200429.3433,1031996.804,14.2408,0,1,0
Roadway,EP,200429.3435,1031996.803,14.2408,0,1,0
Roadway,EP,200430.4835,1031988.136,14.4703,0,1,0
Roadway,EP,200431.6875,1031978.983,14.4545,0,1,0
Roadway,EP,200431.7818,1031978.265,14.5284,0,1,0
Roadway,EP,200432.1764,1031975.265,14.501,0,1,0
Roadway,EP,200435.6714,1031950.491,14.2622,0,1,0
Roadway,EP,200438.9962,1031925.686,14.0322,0,1,0
Roadway,EP,200443.1313,1031901.028,13.7602,0,1,0
Roadway,EP,200446.8225,1031876.296,13.5113,0,1,0
Roadway,EP,200447.5768,1031872.129,13.4624,0,1,0
Roadway,EP,200447.6497,1031871.726,13.3735,0,1,0
Roadway,EP,200447.8603,1031870.563,13.3554,0,1,0
Roadway,EP,200449.1934,1031863.198,13.3011,0,1,0
Roadway,EP,200451.278,1031851.683,13.098,0,1,0
Roadway,EP,200451.278,1031851.683,13.098,0,1,0
Roadway,EP,200451.5172,1031850.268,13.0839,0,1,0
Roadway,EP,200455.446,1031827.032,12.852,0,1,0
Roadway,EP,200455.4463,1031827.032,12.852,0,1,0
Roadway,EP,200455.446,1031827.032,12.852,0,1,0
Roadway,EP,200457.037,1031816.874,12.735,0,1,0
Roadway,EP,200459.315,1031802.333,12.568,0,1,0
Roadway,EP,200459.3153,1031802.333,12.568,0,1,0
Roadway,EP,200460.328,1031795.8,12.497,0,1,0
Roadway,EP,200462.0924,1031784.422,12.373,0,1,0
Roadway,EP,200463.146,1031777.628,12.299,0,1,0
Roadway,EP,200463.1458,1031777.628,12.299,0,1,0
Roadway,EP,200463.146,1031777.628,12.299,0,1,0
Roadway,EP,200466.1017,1031758.971,12.0143,0,1,0
Roadway,EP,200467.516,1031750.043,11.878,0,1,0
Roadway,EP,200467.5161,1031750.043,11.878,0,1,0
Roadway,EP,200467.516,1031750.043,11.878,0,1,0
Roadway,EP,200472.39,1031722.24,11.31,0,1,0
Roadway,EP,200472.39,1031722.24,11.31,0,1,0
Roadway,EP,200473.1888,1031717.682,11.2048,0,1,0
Roadway,EP,200474.235,1031711.713,11.067,0,1,0
Roadway,EP,200474.2359,1031711.708,11.0669,0,1,0
Roadway,EP,200481.867,1031668.164,10.06,0,1,0
Roadway,EP,200481.867,1031668.164,10.06,0,1,0
Roadway,EP,200487.0689,1031643.674,9.3413,0,1,0
Roadway,EP,200487.0707,1031643.665,9.3411,0,1,0
Roadway,EP,200487.071,1031643.665,9.341,0,1,0
Roadway,EP,200487.0713,1031643.663,9.3411,0,1,0
Roadway,EP,200488.4788,1031637.111,9.2715,0,1,0
Roadway,EP,200488.9001,1031635.15,9.2492,0,1,0
Roadway,EP,200490.4207,1031628.072,9.1735,0,1,0
Roadway,EP,200490.8942,1031625.868,9.1478,0,1,0
Roadway,EP,200491.4596,1031623.237,9.1194,0,1,0
Roadway,EP,200491.4875,1031623.106,9.1176,0,1,0
Roadway,EP,200491.512,1031622.993,9.1163,0,1,0
Roadway,EP,200491.9905,1031620.765,9.0904,0,1,0
Roadway,EP,200492.3079,1031619.288,9.0742,0,1,0
Roadway,EP,200492.3126,1031619.269,9.0737,0,1,0
Roadway,EP,200492.631,1031617.99,9.0447,0,1,0
Roadway,EP,200493.1954,1031615.722,8.9966,0,1,0
Roadway,EP,200493.329,1031615.185,8.9845,0,1,0
Roadway,EP,200493.5744,1031614.199,8.9632,0,1,0
Roadway,EP,200493.6137,1031614.041,8.6112,0,1,0
Roadway,EP,200493.614,1031614.041,8.61,0,1,0
Roadway,EP,200496.1161,1031604.343,8.3781,0,1,0
Roadway,EP,200501.2672,1031584.379,7.9007,0,1,0
Roadway,EP,200501.273,1031584.355,7.9,0,1,0
Roadway,EP,200501.2734,1031584.355,7.9,0,1,0
Roadway,EP,200501.274,1031584.353,7.9,0,1,0
Roadway,EP,200509.4296,1031555.317,7.6531,0,1,0
Roadway,EP,200514.4775,1031537.345,7.5005,0,1,0
Roadway,EP,200514.485,1031537.319,7.5,0,1,0
Roadway,EP,200514.4849,1031537.319,7.5003,0,1,0
Roadway,EP,200518.8892,1031523.049,7.3686,0,1,0
Roadway,EP,200524.5367,1031504.752,7.2,0,1,0
Roadway,EP,200524.5382,1031504.747,7.2,0,1,0
Roadway,EP,200524.538,1031504.747,7.2,0,1,0
Roadway,EP,200528.3624,1031492.554,7.1565,0,1,0
Roadway,EP,200533.3086,1031476.783,7.1009,0,1,0
Roadway,EP,200533.3225,1031476.738,7.1007,0,1,0
Roadway,EP,200533.323,1031476.738,7.1,0,1,0
Roadway,EP,200549.1185,1031426.841,7.4001,0,1,0
Roadway,EP,200549.1278,1031426.812,7.4001,0,1,0
Roadway,EP,200549.128,1031426.812,7.4,0,1,0
Roadway,EP,200559.2649,1031395.259,7.49,0,1,0
Roadway,EP,200559.2708,1031395.24,7.4901,0,1,0
Roadway,EP,200559.271,1031395.24,7.49,0,1,0
Roadway,EP,200573.6135,1031354.099,7.67,0,1,0
Roadway,EP,200573.616,1031354.092,7.67,0,1,0
Roadway,EP,200573.616,1031354.092,7.67,0,1,0
Roadway,EP,200588.0421,1031316.897,7.84,0,1,0
Roadway,EP,200588.058,1031316.857,7.84,0,1,0
Roadway,EP,200588.0579,1031316.857,7.8402,0,1,0
Roadway,EP,200588.061,1031316.849,7.8403,0,1,0
Roadway,EP,200589.9739,1031312.222,7.8904,0,1,0
Roadway,EP,200590.908,1031309.962,7.915,0,1,0
Roadway,EP,200590.9083,1031309.962,7.915,0,1,0
Roadway,EP,200419.3015,1032068.909,28.4628,1,1,0
Roadway,EP,200419.4801,1032067.695,34.7214,0,1,0
Roadway,EP,200419.5041,1032067.531,35.563,0,1,0
Roadway,EP,200419.5375,1032067.304,36.3258,0,1,0
Roadway,EP,200419.5553,1032067.183,35.5213,0,1,0
Roadway,EP,200419.572,1032067.07,37.1691,0,1,0
Roadway,EP,200419.6094,1032066.815,41.2566,0,1,0
Roadway,EP,200419.6639,1032066.444,39.237,0,1,0
Roadway,EP,200419.6704,1032066.399,39.0013,0,1,0
Roadway,EP,200419.7733,1032065.7,38.1213,0,1,0
Roadway,EP,200419.7882,1032065.598,38.0018,0,1,0
Roadway,EP,200420.1192,1032063.347,38.0216,0,1,0
Roadway,EP,200420.1662,1032063.026,37.9843,0,1,0
Roadway,EP,200420.2262,1032062.618,37.7137,0,1,0
Roadway,EP,200420.2405,1032062.521,37.6608,0,1,0
Roadway,EP,200420.3902,1032061.503,37.6807,0,1,0
Roadway,EP,200420.4365,1032061.188,37.6867,0,1,0
Roadway,EP,200420.6747,1032059.566,37.7779,0,1,0
Roadway,EP,200421.1293,1032056.242,37.965,0,1,0
Roadway,EP,200422.0712,1032049.353,38.3472,0,1,0
Roadway,EP,200422.5339,1032045.969,38.5261,0,1,0
Roadway,EP,200423.7056,1032037.4,38.9826,0,1,0
Roadway,EP,200423.7294,1032037.226,38.992,0,1,0
Roadway,EP,200423.8891,1032036.058,39.0517,0,1,0
Roadway,EP,200424.0589,1032034.816,39.1154,0,1,0
Roadway,EP,200425.6406,1032023.438,39.6985,0,1,0
Roadway,EP,200426.5955,1032016.569,40.0333,0,1,0
Roadway,EP,200427.7713,1032008.112,40.4665,0,1,0
Roadway,EP,200427.8631,1032007.452,40.6198,0,1,0
Roadway,EP,200427.9052,1032007.149,40.7055,0,1,0
Roadway,EP,200428.5507,1032002.505,40.9942,0,1,0
Roadway,EP,200428.7142,1032001.329,41.0859,0,1,0
Roadway,EP,200428.8189,1032000.576,43.9134,0,1,0
Roadway,EP,200428.842,1032000.41,44.5081,0,1,0
Roadway,EP,200428.93,1031999.777,41.4821,0,1,0
Roadway,EP,200428.9732,1031999.467,39.6702,0,1,0
Roadway,EP,200429.0845,1031998.666,34.8498,0,1,0
Roadway,EP,200429.2227,1031997.672,28.2092,0,1,0
Roadway,EP,200476.535,1034088.171,66.9094,1,1,0
Roadway,EP,200476.6929,1034087.714,66.9066,0,1,0
Roadway,EP,200477.2309,1034086.079,66.8963,0,1,0
Roadway,EP,200477.2532,1034086.012,66.8959,0,1,0
Roadway,EP,200481.1393,1034074.205,66.8316,0,1,0
Roadway,EP,200482.9568,1034068.425,66.8003,0,1,0
Roadway,EP,200483.2724,1034067.422,66.794,0,1,0
Roadway,EP,200483.324,1034067.251,66.793,0,1,0
Roadway,EP,200483.838,1034065.55,66.7802,0,1,0
Roadway,EP,200486.3585,1034057.211,66.7112,0,1,0
Roadway,EP,200488.6636,1034049.249,66.6452,0,1,0
Roadway,EP,200490.0295,1034044.281,66.6039,0,1,0
Roadway,EP,200490.2437,1034043.502,66.5979,0,1,0
Roadway,EP,200490.3164,1034043.237,66.596,0,1,0
Roadway,EP,200490.635,1034042.078,66.5889,0,1,0
Roadway,EP,200493.0585,1034033.263,66.5285,0,1,0
Roadway,EP,200496.2899,1034020.798,66.4379,0,1,0
Roadway,EP,200496.7456,1034019.04,66.4265,0,1,0
Roadway,EP,200496.9498,1034018.253,66.4227,0,1,0
Roadway,EP,200497.2839,1034016.902,66.4155,0,1,0
Roadway,EP,200499.4323,1034008.217,66.3674,0,1,0
Roadway,EP,200502.5341,1033994.926,66.2855,0,1,0
Roadway,EP,200502.5597,1033994.816,66.2849,0,1,0
Roadway,EP,200502.5973,1033994.656,66.2839,0,1,0
Roadway,EP,200502.6043,1033994.626,66.2837,0,1,0
Roadway,EP,200502.6343,1033994.497,66.2826,0,1,0
Roadway,EP,200504.1316,1033988.081,66.2319,0,1,0
Roadway,EP,200506.5752,1033976.819,66.1345,0,1,0
Roadway,EP,200507.4735,1033972.678,66.098,0,1,0
Roadway,EP,200507.6812,1033971.668,66.0886,0,1,0
Roadway,EP,200507.713,1033971.514,66.0871,0,1,0
Roadway,EP,200508.2472,1033968.917,66.0659,0,1,0
Roadway,EP,200509.0613,1033964.959,66.0305,0,1,0
Roadway,EP,200511.3317,1033953.358,65.9214,0,1,0
Roadway,EP,200511.7741,1033950.897,65.8963,0,1,0
Roadway,EP,200512.2885,1033948.037,65.8686,0,1,0
Roadway,EP,200512.4733,1033947.009,65.8588,0,1,0
Roadway,EP,200512.4804,1033946.969,65.8584,0,1,0
Roadway,EP,200513.0197,1033943.97,65.8284,0,1,0
Roadway,EP,200514.4694,1033935.907,65.7528,0,1,0
Roadway,EP,200516.3863,1033923.811,65.6263,0,1,0
Roadway,EP,200516.6232,1033922.316,65.6316,0,1,0
Roadway,EP,200516.6798,1033921.959,65.6209,0,1,0
Roadway,EP,200516.8037,1033921.177,65.5919,0,1,0
Roadway,EP,200517.5021,1033916.77,65.5177,0,1,0
Roadway,EP,200518.8557,1033907.178,65.3505,0,1,0
Roadway,EP,200519.8692,1033899.146,65.2064,0,1,0
Roadway,EP,200519.9728,1033898.325,65.1915,0,1,0
Roadway,EP,200519.9755,1033898.304,65.1911,0,1,0
Roadway,EP,200520.1355,1033897.036,65.1731,0,1,0
Roadway,EP,200520.6749,1033892.762,65.1144,0,1,0
Roadway,EP,200522.0197,1033880.558,64.944,0,1,0
Roadway,EP,200522.5941,1033874.643,64.8603,0,1,0
Roadway,EP,200522.7098,1033873.451,64.8428,0,1,0
Roadway,EP,200523.0216,1033870.24,64.7732,0,1,0
Roadway,EP,200524.3929,1033856.117,64.4735,0,1,0
Roadway,EP,200525.0103,1033849.368,64.3303,0,1,0
Roadway,EP,200525.0835,1033848.568,64.313,0,1,0
Roadway,EP,200527.0783,1033826.761,63.8495,0,1,0
Roadway,EP,200527.3603,1033823.678,63.7848,0,1,0
Roadway,EP,200527.959,1033817.133,63.6418,0,1,0
Roadway,EP,200529.1638,1033802.988,63.3322,0,1,0
Roadway,EP,200529.5224,1033798.777,63.2367,0,1,0
Roadway,EP,200529.5308,1033798.679,63.2344,0,1,0
Roadway,EP,200529.6201,1033797.63,63.2104,0,1,0
Roadway,EP,200531.4154,1033773.869,62.6713,0,1,0
Roadway,EP,200531.416,1033773.855,62.671,0,1,0
Roadway,EP,200531.4164,1033773.855,62.671,0,1,0
Roadway,EP,200531.4173,1033773.844,62.6708,0,1,0
Roadway,EP,200533.365,1033748.937,62.149,0,1,0
Roadway,EP,200533.3651,1033748.937,62.149,0,1,0
Roadway,EP,200533.3653,1033748.935,62.1489,0,1,0
Roadway,EP,200535.271,1033724.016,61.536,0,1,0
Roadway,EP,200535.2712,1033724.016,61.536,0,1,0
Roadway,EP,200535.2715,1033724.012,61.5359,0,1,0
Roadway,EP,200536.9634,1033699.077,60.849,0,1,0
Roadway,EP,200536.963,1033699.076,60.849,0,1,0
Roadway,EP,200536.9642,1033699.064,60.8488,0,1,0
Roadway,EP,200537.7423,1033687.09,60.6057,0,1,0
Roadway,EP,200538.632,1033673.407,60.328,0,1,0
Roadway,EP,200538.6315,1033673.407,60.3284,0,1,0
Roadway,EP,200538.6328,1033673.387,60.328,0,1,0
Roadway,EP,200540.225,1033648.462,59.753,0,1,0
Roadway,EP,200540.2245,1033648.462,59.7534,0,1,0
Roadway,EP,200540.2257,1033648.44,59.7529,0,1,0
Roadway,EP,200541.2306,1033629.521,59.3394,0,1,0
Roadway,EP,200541.5499,1033623.508,59.2081,0,1,0
Roadway,EP,200541.5501,1033623.504,59.208,0,1,0
Roadway,EP,200541.55,1033623.504,59.208,0,1,0
Roadway,EP,200541.8776,1033617.247,59.0353,0,1,0
Roadway,EP,200542.8565,1033598.545,58.5194,0,1,0
Roadway,EP,200542.857,1033598.545,58.519,0,1,0
Roadway,EP,200542.8576,1033598.523,58.5189,0,1,0
Roadway,EP,200543.4742,1033586.09,58.2287,0,1,0
Roadway,EP,200544.0899,1033573.673,57.9392,0,1,0
Roadway,EP,200544.0904,1033573.663,57.939,0,1,0
Roadway,EP,200544.09,1033573.663,57.939,0,1,0
Roadway,EP,200545.1351,1033548.995,57.4125,0,1,0
Roadway,EP,200545.148,1033548.691,57.406,0,1,0
Roadway,EP,200545.148,1033548.691,57.406,0,1,0
Roadway,EP,200545.165,1033548.262,57.3957,0,1,0
Roadway,EP,200546.1371,1033523.725,56.8072,0,1,0
Roadway,EP,200546.137,1033523.717,56.807,0,1,0
Roadway,EP,200546.1374,1033523.717,56.807,0,1,0
Roadway,EP,200546.683,1033509.887,56.4908,0,1,0
Roadway,EP,200547.123,1033498.743,56.236,0,1,0
Roadway,EP,200547.1227,1033498.743,56.2364,0,1,0
Roadway,EP,200547.1234,1033498.725,56.236,0,1,0
Roadway,EP,200548.0309,1033473.765,55.6582,0,1,0
Roadway,EP,200548.031,1033473.765,55.658,0,1,0
Roadway,EP,200548.7576,1033448.813,55.0544,0,1,0
Roadway,EP,200548.759,1033448.782,55.053,0,1,0
Roadway,EP,200548.7585,1033448.782,55.0538,0,1,0
Roadway,EP,200548.7593,1033448.749,55.0531,0,1,0
Roadway,EP,200549.354,1033423.961,54.513,0,1,0
Roadway,EP,200549.3536,1033423.961,54.5136,0,1,0
Roadway,EP,200549.3543,1033423.936,54.5131,0,1,0
Roadway,EP,200550.015,1033398.972,54.032,0,1,0
Roadway,EP,200550.015,1033398.972,54.032,0,1,0
Roadway,EP,200550.015,1033398.972,54.032,0,1,0
Roadway,EP,200550.1207,1033397.973,53.988,0,1,0
Roadway,EP,200550.121,1033397.973,53.988,0,1,0
Roadway,EP,200550.1209,1033397.964,53.9878,0,1,0
Roadway,EP,200550.1935,1033393.975,53.883,0,1,0
Roadway,EP,200550.194,1033393.974,53.883,0,1,0
Roadway,EP,200550.1947,1033393.927,53.8821,0,1,0
Roadway,EP,200550.5235,1033380.98,53.648,0,1,0
Roadway,EP,200550.524,1033380.98,53.648,0,1,0
Roadway,EP,200550.5242,1033380.955,53.6475,0,1,0
Roadway,EP,200550.696,1033373.986,53.511,0,1,0
Roadway,EP,200550.6956,1033373.986,53.511,0,1,0
Roadway,EP,200550.8238,1033349.012,52.8845,0,1,0
Roadway,EP,200550.824,1033348.991,52.884,0,1,0
Roadway,EP,200550.8239,1033348.991,52.884,0,1,0
Roadway,EP,200550.8237,1033348.969,52.8833,0,1,0
Roadway,EP,200550.5837,1033324.361,52.152,0,1,0
Roadway,EP,200550.584,1033324.361,52.152,0,1,0
Roadway,EP,200550.583,1033324.309,52.1506,0,1,0
Roadway,EP,200550.244,1033299.353,51.488,0,1,0
Roadway,EP,200550.2435,1033299.353,51.488,0,1,0
Roadway,EP,200550.2401,1033299.257,51.4855,0,1,0
Roadway,EP,200549.6941,1033283.724,51.0813,0,1,0
Roadway,EP,200549.3656,1033274.382,50.8383,0,1,0
Roadway,EP,200549.365,1033274.373,50.838,0,1,0
Roadway,EP,200549.3653,1033274.373,50.838,0,1,0
Roadway,EP,200549.3647,1033274.363,50.8377,0,1,0
Roadway,EP,200548.7038,1033262.639,50.5384,0,1,0
Roadway,EP,200547.9623,1033249.486,50.2027,0,1,0
Roadway,EP,200547.959,1033249.421,50.201,0,1,0
Roadway,EP,200547.9587,1033249.421,50.201,0,1,0
Roadway,EP,200547.416,1033242.448,50.0122,0,1,0
Roadway,EP,200546.622,1033232.251,49.736,0,1,0
Roadway,EP,200546.6225,1033232.251,49.736,0,1,0
Roadway,EP,200546.6209,1033232.236,49.7357,0,1,0
Roadway,EP,200544.088,1033207.359,49.145,0,1,0
Roadway,EP,200544.0881,1033207.359,49.145,0,1,0
Roadway,EP,200544.0879,1033207.357,49.145,0,1,0
Roadway,EP,200542.5645,1033192.393,48.8147,0,1,0
Roadway,EP,200542.3658,1033190.442,48.7717,0,1,0
Roadway,EP,200541.7409,1033184.305,48.6294,0,1,0
Roadway,EP,200541.6114,1033183.032,48.5999,0,1,0
Roadway,EP,200541.461,1033181.555,48.5643,0,1,0
Roadway,EP,200541.1399,1033178.401,48.4882,0,1,0
Roadway,EP,200540.8471,1033175.525,48.4156,0,1,0
Roadway,EP,200540.4631,1033171.754,48.3258,0,1,0
Roadway,EP,200539.769,1033164.937,48.1634,0,1,0
Roadway,EP,200539.2426,1033159.766,48.0403,0,1,0
Roadway,EP,200539.0766,1033158.136,47.9976,0,1,0
Roadway,EP,200538.8772,1033156.177,47.9514,0,1,0
Roadway,EP,200538.7936,1033155.356,47.931,0,1,0
Roadway,EP,200537.5498,1033143.139,47.6266,0,1,0
Roadway,EP,200536.521,1033133.242,47.3791,0,1,0
Roadway,EP,200536.0221,1033128.442,47.2763,0,1,0
Roadway,EP,200534.953,1033118.499,47.0619,0,1,0
Roadway,EP,200534.7353,1033116.528,47.0192,0,1,0
Roadway,EP,200533.8555,1033108.56,46.8535,0,1,0
Roadway,EP,200533.8428,1033108.447,46.8511,0,1,0
Roadway,EP,200532.7297,1033098.623,46.653,0,1,0
Roadway,EP,200532.3168,1033095.07,46.5809,0,1,0
Roadway,EP,200531.5755,1033088.69,46.465,0,1,0
Roadway,EP,200530.9449,1033083.396,46.3681,0,1,0
Roadway,EP,200530.3929,1033078.76,46.2929,0,1,0
Roadway,EP,200529.8079,1033073.965,46.2145,0,1,0
Roadway,EP,200529.1819,1033068.834,46.1446,0,1,0
Roadway,EP,200527.9427,1033058.911,46.0082,0,1,0
Roadway,EP,200527.8758,1033058.388,46.0009,0,1,0
Roadway,EP,200526.675,1033048.992,45.8748,0,1,0
Roadway,EP,200525.3791,1033039.076,45.7404,0,1,0
Roadway,EP,200524.8277,1033034.949,45.6839,0,1,0
Roadway,EP,200524.6243,1033033.427,45.6669,0,1,0
Roadway,EP,200524.0587,1033029.193,45.6257,0,1,0
Roadway,EP,200524.0548,1033029.164,45.6254,0,1,0
Roadway,EP,200523.823,1033027.466,45.6084,0,1,0
Roadway,EP,200523.7157,1033026.68,45.5992,0,1,0
Roadway,EP,200522.7023,1033019.256,45.521,0,1,0
Roadway,EP,200521.3214,1033009.352,45.4157,0,1,0
Roadway,EP,200521.0551,1033007.481,45.3956,0,1,0
Roadway,EP,200519.9122,1032999.452,45.3434,0,1,0
Roadway,EP,200519.0598,1032993.582,45.3048,0,1,0
Roadway,EP,200518.4748,1032989.555,45.2861,0,1,0
Roadway,EP,200517.4003,1032982.303,45.2517,0,1,0
Roadway,EP,200517.0092,1032979.663,45.2402,0,1,0
Roadway,EP,200515.865,1032972.091,45.2064,0,1,0
Roadway,EP,200515.5152,1032969.776,45.1884,0,1,0
Roadway,EP,200513.9931,1032959.892,45.1104,0,1,0
Roadway,EP,200513.5683,1032957.186,45.0888,0,1,0
Roadway,EP,200512.4427,1032950.013,45.034,0,1,0
Roadway,EP,200510.5793,1032938.249,44.9436,0,1,0
Roadway,EP,200510.5325,1032937.954,44.9353,0,1,0
Roadway,EP,200510.4832,1032937.642,44.9268,0,1,0
Roadway,EP,200510.4318,1032937.318,44.9181,0,1,0
Roadway,EP,200510.3773,1032936.974,44.91,0,1,0
Roadway,EP,200510.3188,1032936.605,44.9016,0,1,0
Roadway,EP,200510.2568,1032936.213,44.8928,0,1,0
Roadway,EP,200510.191,1032935.798,44.8838,0,1,0
Roadway,EP,200510.1219,1032935.361,44.8754,0,1,0
Roadway,EP,200510.0499,1032934.907,44.8669,0,1,0
Roadway,EP,200509.4735,1032931.268,44.8263,0,1,0
Roadway,EP,200509.4647,1032931.213,44.8234,0,1,0
Roadway,EP,200509.4536,1032931.143,44.8196,0,1,0
Roadway,EP,200509.4403,1032931.058,44.8168,0,1,0
Roadway,EP,200509.4247,1032930.96,44.8151,0,1,0
Roadway,EP,200509.407,1032930.848,44.8125,0,1,0
Roadway,EP,200509.3871,1032930.723,44.8112,0,1,0
Roadway,EP,200509.3655,1032930.586,44.8112,0,1,0
Roadway,EP,200509.3422,1032930.439,44.8105,0,1,0
Roadway,EP,200509.3176,1032930.284,44.8111,0,1,0
Roadway,EP,200509.2918,1032930.121,44.8121,0,1,0
Roadway,EP,200507.3118,1032917.621,44.4703,0,1,0
Roadway,EP,200507.31,1032917.609,44.47,0,1,0
Roadway,EP,200507.3099,1032917.609,44.47,0,1,0
Roadway,EP,200507.3094,1032917.606,44.4699,0,1,0
Roadway,EP,200505.9242,1032908.861,44.1681,0,1,0
Roadway,EP,200503.353,1032892.629,43.608,0,1,0
Roadway,EP,200503.3531,1032892.629,43.608,0,1,0
Roadway,EP,200499.087,1032868.218,42.665,0,1,0
Roadway,EP,200499.0871,1032868.218,42.665,0,1,0
Roadway,EP,200497.4119,1032860.251,42.3236,0,1,0
Roadway,EP,200493.945,1032843.762,41.617,0,1,0
Roadway,EP,200493.9448,1032843.762,41.6171,0,1,0
Roadway,EP,200493.9432,1032843.755,41.6167,0,1,0
Roadway,EP,200489.8168,1032826.125,40.7681,0,1,0
Roadway,EP,200489.817,1032826.125,40.768,0,1,0
Roadway,EP,200489.8134,1032826.113,40.7676,0,1,0
Roadway,EP,200486.9004,1032815.48,40.3248,0,1,0
Roadway,EP,200483.2174,1032802.036,39.765,0,1,0
Roadway,EP,200483.217,1032802.036,39.765,0,1,0
Roadway,EP,200476.0731,1032778.501,38.767,0,1,0
Roadway,EP,200476.073,1032778.501,38.767,0,1,0
Roadway,EP,200474.9576,1032775.155,38.6278,0,1,0
Roadway,EP,200468.2438,1032755.016,37.7901,0,1,0
Roadway,EP,200468.243,1032755.013,37.79,0,1,0
Roadway,EP,200468.2425,1032755.012,37.79,0,1,0
Roadway,EP,200466.3799,1032749.394,37.5637,0,1,0
Roadway,EP,200460.3827,1032731.305,36.835,0,1,0
Roadway,EP,200460.3824,1032731.304,36.835,0,1,0
Roadway,EP,200460.382,1032731.304,36.835,0,1,0
Roadway,EP,200454.7727,1032713.104,36.1422,0,1,0
Roadway,EP,200452.9669,1032707.245,35.9192,0,1,0
Roadway,EP,200452.9658,1032707.242,35.919,0,1,0
Roadway,EP,200452.9651,1032707.24,35.919,0,1,0
Roadway,EP,200445.0775,1032683.131,34.9927,0,1,0
Roadway,EP,200445.0743,1032683.121,34.9924,0,1,0
Roadway,EP,200445.0736,1032683.119,34.9923,0,1,0
Roadway,EP,200445.0712,1032683.111,34.9919,0,1,0
Roadway,EP,200438.4165,1032659.611,34.0707,0,1,0
Roadway,EP,200438.267,1032659.083,34.05,0,1,0
Roadway,EP,200438.267,1032659.083,34.05,0,1,0
Roadway,EP,200438.267,1032659.083,34.05,0,1,0
Roadway,EP,200431.7442,1032634.54,33.041,0,1,0
Roadway,EP,200431.744,1032634.54,33.041,0,1,0
Roadway,EP,200431.7433,1032634.537,33.0409,0,1,0
Roadway,EP,200426.025,1032610.224,31.942,0,1,0
Roadway,EP,200426.0251,1032610.224,31.942,0,1,0
Roadway,EP,200426.0244,1032610.221,31.9419,0,1,0
Roadway,EP,200420.1604,1032585.476,30.909,0,1,0
Roadway,EP,200420.16,1032585.476,30.909,0,1,0
Roadway,EP,200420.1585,1032585.467,30.9086,0,1,0
Roadway,EP,200417.0402,1032569.875,30.2527,0,1,0
Roadway,EP,200415.2054,1032560.701,29.867,0,1,0
Roadway,EP,200415.2018,1032560.683,29.8663,0,1,0
Roadway,EP,200415.2004,1032560.675,29.8658,0,1,0
Roadway,EP,200410.7945,1032536.105,28.8766,0,1,0
Roadway,EP,200410.7926,1032536.095,28.8763,0,1,0
Roadway,EP,200410.7905,1032536.081,28.8756,0,1,0
Roadway,EP,200408.77,1032523.14,28.3629,0,1,0
Roadway,EP,200406.8554,1032510.878,27.8773,0,1,0
Roadway,EP,200406.8543,1032510.871,27.877,0,1,0
Roadway,EP,200406.854,1032510.871,27.877,0,1,0
Roadway,EP,200403.57,1032486.117,26.9534,0,1,0
Roadway,EP,200403.568,1032486.106,26.953,0,1,0
Roadway,EP,200403.5685,1032486.106,26.953,0,1,0
Roadway,EP,200400.7483,1032460.872,25.9031,0,1,0
Roadway,EP,200400.7481,1032460.871,25.903,0,1,0
Roadway,EP,200400.748,1032460.87,25.903,0,1,0
Roadway,EP,200400.2847,1032455.569,25.6998,0,1,0
Roadway,EP,200398.5292,1032435.488,24.9303,0,1,0
Roadway,EP,200398.5287,1032435.482,24.9301,0,1,0
Roadway,EP,200398.5281,1032435.474,24.9298,0,1,0
Roadway,EP,200397.2092,1032417.592,24.2622,0,1,0
Roadway,EP,200396.691,1032410.569,24,0,1,0
Roadway,EP,200396.6911,1032410.569,24,0,1,0
Roadway,EP,200395.2986,1032385.248,22.9522,0,1,0
Roadway,EP,200395.298,1032385.242,22.952,0,1,0
Roadway,EP,200395.2982,1032385.242,22.952,0,1,0
Roadway,EP,200395.2981,1032385.237,22.9518,0,1,0
Roadway,EP,200394.391,1032359.814,22.09,0,1,0
Roadway,EP,200394.3912,1032359.814,22.09,0,1,0
Roadway,EP,200394.3966,1032344.216,21.545,0,1,0
Roadway,EP,200394.3999,1032334.831,21.2172,0,1,0
Roadway,EP,200394.3999,1032334.829,21.2172,0,1,0
Roadway,EP,200394.3999,1032334.825,21.2172,0,1,0
Roadway,EP,200394.615,1032309.296,20.33,0,1,0
Roadway,EP,200394.6148,1032309.296,20.3306,0,1,0
Roadway,EP,200395.8483,1032284.349,19.5571,0,1,0
Roadway,EP,200395.8488,1032284.339,19.5564,0,1,0
Roadway,EP,200395.8488,1032284.337,19.5563,0,1,0
Roadway,EP,200395.849,1032284.331,19.5561,0,1,0
Roadway,EP,200396.1544,1032271.818,19.2368,0,1,0
Roadway,EP,200396.4671,1032259.009,18.9102,0,1,0
Roadway,EP,200396.467,1032259.003,18.91,0,1,0
Roadway,EP,200396.4673,1032259.003,18.91,0,1,0
Roadway,EP,200396.467,1032259.003,18.91,0,1,0
Roadway,EP,200398.99,1032233.705,18.357,0,1,0
Roadway,EP,200398.9901,1032233.705,18.357,0,1,0
Roadway,EP,200401.904,1032208.878,17.611,0,1,0
Roadway,EP,200401.9041,1032208.878,17.611,0,1,0
Roadway,EP,200404.2397,1032188.075,17.1098,0,1,0
Roadway,EP,200404.719,1032183.806,17.007,0,1,0
Roadway,EP,200404.719,1032183.806,17.007,0,1,0
Roadway,EP,200404.9749,1032181.442,16.9598,0,1,0
Roadway,EP,200407.42,1032158.849,16.509,0,1,0
Roadway,EP,200407.4202,1032158.849,16.509,0,1,0
Roadway,EP,200407.42,1032158.849,16.509,0,1,0
Roadway,EP,200410.6411,1032134.02,16.019,0,1,0
Roadway,EP,200410.641,1032134.02,16.019,0,1,0
Roadway,EP,200412.6862,1032118.079,15.7779,0,1,0
Roadway,EP,200413.8219,1032109.226,15.644,0,1,0
Roadway,EP,200413.822,1032109.226,15.644,0,1,0
Roadway,EP,200417.0366,1032084.322,15.3506,0,1,0
Roadway,EP,200417.0395,1032084.299,15.3504,0,1,0
Roadway,EP,200417.04,1032084.299,15.35,0,1,0
Roadway,EP,200419.2057,1032069.561,15.1306,0,1,0
Roadway,EP,200419.2081,1032069.548,15.13,0,1,0
Roadway,EP,200457.9402,1034138.878,81.3465,1,1,0
Roadway,EP,200457.9534,1034138.844,85.9101,0,1,0
Roadway,EP,200457.9673,1034138.808,89.051,0,1,0
Roadway,EP,200457.9734,1034138.793,92.0529,0,1,0
Roadway,EP,200458.0833,1034138.512,91.9848,0,1,0
Roadway,EP,200458.406,1034137.686,91.7517,0,1,0
Roadway,EP,200458.4179,1034137.656,91.2425,0,1,0
Roadway,EP,200458.4444,1034137.588,89.1467,0,1,0
Roadway,EP,200458.8333,1034136.594,89.1131,0,1,0
Roadway,EP,200459.9897,1034133.636,88.9499,0,1,0
Roadway,EP,200460.4396,1034132.441,88.8844,0,1,0
Roadway,EP,200461.0051,1034130.938,88.7916,0,1,0
Roadway,EP,200461.0149,1034130.912,88.7747,0,1,0
Roadway,EP,200461.1928,1034130.44,88.3955,0,1,0
Roadway,EP,200466.5421,1034116.225,88.0919,0,1,0
Roadway,EP,200469.9628,1034106.757,87.8882,0,1,0
Roadway,EP,200470.5729,1034105.068,87.8616,0,1,0
Roadway,EP,200470.8555,1034104.286,87.8462,0,1,0
Roadway,EP,200472.2468,1034100.436,87.7485,0,1,0
Roadway,EP,200472.4496,1034099.874,87.7336,0,1,0
Roadway,EP,200473.3981,1034097.249,87.6718,0,1,0
Roadway,EP,200473.8032,1034096.076,87.644,0,1,0
Roadway,EP,200474.1214,1034095.156,87.6298,0,1,0
Roadway,EP,200474.2978,1034094.645,87.6272,0,1,0
Roadway,EP,200474.4576,1034094.183,88.061,0,1,0
Roadway,EP,200474.5137,1034094.02,88.1949,0,1,0
Roadway,EP,200475.1055,1034092.308,88.2221,0,1,0
Roadway,EP,200475.5183,1034091.113,88.2526,0,1,0
Roadway,EP,200475.5971,1034090.885,91.0847,0,1,0
Roadway,EP,200475.5983,1034090.882,91.221,0,1,0
Roadway,EP,200475.768,1034090.39,86.8224,0,1,0
Roadway,EP,200476.0203,1034089.66,80.9016,0,1,0
Roadway,EP,200190.3474,1034634.22,78.3659,1,1,0
Roadway,EP,200190.347,1034634.22,78.366,0,1,0
Roadway,EP,200190.3478,1034634.219,78.3659,0,1,0
Roadway,EP,200190.4468,1034633.949,78.6766,0,1,0
Roadway,EP,200190.4851,1034633.845,78.6694,0,1,0
Roadway,EP,200190.7404,1034633.149,78.6266,0,1,0
Roadway,EP,200191.0637,1034632.268,78.5679,0,1,0
Roadway,EP,200193.6464,1034625.229,78.1303,0,1,0
Roadway,EP,200194.519,1034622.851,77.983,0,1,0
Roadway,EP,200194.5187,1034622.851,77.9837,0,1,0
Roadway,EP,200194.519,1034622.851,77.983,0,1,0
Roadway,EP,200194.5193,1034622.85,77.9836,0,1,0
Roadway,EP,200195.5597,1034620.157,77.9053,0,1,0
Roadway,EP,200196.7814,1034616.996,77.814,0,1,0
Roadway,EP,200196.782,1034616.994,77.814,0,1,0
Roadway,EP,200197.5343,1034615.048,77.7576,0,1,0
Roadway,EP,200198.182,1034613.373,77.709,0,1,0
Roadway,EP,200198.2121,1034613.294,77.7068,0,1,0
Roadway,EP,200198.277,1034613.125,77.702,0,1,0
Roadway,EP,200198.402,1034612.803,77.6921,0,1,0
Roadway,EP,200198.416,1034612.767,77.691,0,1,0
Roadway,EP,200199.181,1034610.788,77.634,0,1,0
Roadway,EP,200199.1818,1034610.785,77.6345,0,1,0
Roadway,EP,200201.1046,1034605.81,77.49,0,1,0
Roadway,EP,200203.7745,1034598.902,77.2901,0,1,0
Roadway,EP,200203.776,1034598.897,77.29,0,1,0
Roadway,EP,200203.7764,1034598.897,77.29,0,1,0
Roadway,EP,200207.0946,1034590.879,77.0778,0,1,0
Roadway,EP,200209.672,1034584.652,76.913,0,1,0
Roadway,EP,200209.6727,1034584.65,76.9136,0,1,0
Roadway,EP,200213.2208,1034576.077,76.6859,0,1,0
Roadway,EP,200213.406,1034575.629,76.674,0,1,0
Roadway,EP,200213.4061,1034575.629,76.674,0,1,0
Roadway,EP,200213.5528,1034575.305,76.6654,0,1,0
Roadway,EP,200223.9075,1034552.429,76.0591,0,1,0
Roadway,EP,200223.911,1034552.422,76.058,0,1,0
Roadway,EP,200223.9109,1034552.422,76.0587,0,1,0
Roadway,EP,200223.913,1034552.417,76.0579,0,1,0
Roadway,EP,200223.9181,1034552.407,76.0576,0,1,0
Roadway,EP,200235.346,1034529.75,75.22,0,1,0
Roadway,EP,200235.3457,1034529.75,75.2209,0,1,0
Roadway,EP,200235.352,1034529.738,75.2198,0,1,0
Roadway,EP,200244.037,1034513.533,74.669,0,1,0
Roadway,EP,200244.0371,1034513.533,74.6691,0,1,0
Roadway,EP,200245.2167,1034511.382,74.5969,0,1,0
Roadway,EP,200247.2907,1034507.6,74.4701,0,1,0
Roadway,EP,200247.292,1034507.597,74.47,0,1,0
Roadway,EP,200251.2183,1034500.439,74.2296,0,1,0
Roadway,EP,200255.1466,1034493.276,73.9893,0,1,0
Roadway,EP,200255.147,1034493.276,73.989,0,1,0
Roadway,EP,200255.1535,1034493.264,73.9889,0,1,0
Roadway,EP,200265.5886,1034475.248,73.4778,0,1,0
Roadway,EP,200267.668,1034471.658,73.376,0,1,0
Roadway,EP,200267.669,1034471.656,73.376,0,1,0
Roadway,EP,200267.6692,1034471.656,73.376,0,1,0
Roadway,EP,200269.4121,1034468.748,73.2973,0,1,0
Roadway,EP,200280.663,1034449.978,72.789,0,1,0
Roadway,EP,200280.6628,1034449.978,72.7893,0,1,0
Roadway,EP,200280.672,1034449.963,72.7888,0,1,0
Roadway,EP,200287.3442,1034439.278,72.4586,0,1,0
Roadway,EP,200294.0258,1034428.577,72.1282,0,1,0
Roadway,EP,200294.0313,1034428.568,72.128,0,1,0
Roadway,EP,200294.031,1034428.568,72.128,0,1,0
Roadway,EP,200303.2499,1034414.299,71.6996,0,1,0
Roadway,EP,200307.63,1034407.519,71.496,0,1,0
Roadway,EP,200307.6299,1034407.519,71.4961,0,1,0
Roadway,EP,200307.6351,1034407.511,71.4959,0,1,0
Roadway,EP,200321.3758,1034386.471,70.9191,0,1,0
Roadway,EP,200321.376,1034386.471,70.919,0,1,0
Roadway,EP,200321.3791,1034386.466,70.919,0,1,0
Roadway,EP,200325.1938,1034380.599,70.7624,0,1,0
Roadway,EP,200335.0011,1034365.515,70.3602,0,1,0
Roadway,EP,200335.007,1034365.505,70.36,0,1,0
Roadway,EP,200335.0075,1034365.505,70.36,0,1,0
Roadway,EP,200345.7708,1034349.141,69.9911,0,1,0
Roadway,EP,200345.773,1034349.137,69.991,0,1,0
Roadway,EP,200345.7733,1034349.137,69.991,0,1,0
Roadway,EP,200359.187,1034328.058,69.5552,0,1,0
Roadway,EP,200359.194,1034328.046,69.555,0,1,0
Roadway,EP,200359.1945,1034328.046,69.555,0,1,0
Roadway,EP,200359.4053,1034327.711,69.5477,0,1,0
Roadway,EP,200372.5044,1034306.886,69.119,0,1,0
Roadway,EP,200373.3432,1034305.553,69.0848,0,1,0
Roadway,EP,200374.6861,1034303.393,69.039,0,1,0
Roadway,EP,200382.7771,1034290.382,68.8307,0,1,0
Roadway,EP,200385.6411,1034285.618,68.7551,0,1,0
Roadway,EP,200387.1521,1034283.105,68.7171,0,1,0
Roadway,EP,200388.9112,1034280.18,68.674,0,1,0
Roadway,EP,200392.934,1034273.34,68.5754,0,1,0
Roadway,EP,200398.268,1034264.034,68.4445,0,1,0
Roadway,EP,200399.0111,1034262.737,68.4292,0,1,0
Roadway,EP,200400.8254,1034259.572,68.388,0,1,0
Roadway,EP,200410.0514,1034242.833,68.1589,0,1,0
Roadway,EP,200410.0615,1034242.815,68.1587,0,1,0
Roadway,EP,200414.5503,1034234.366,68.0707,0,1,0
Roadway,EP,200419.9939,1034223.748,67.9539,0,1,0
Roadway,EP,200421.0973,1034221.596,67.9287,0,1,0
Roadway,EP,200421.5652,1034220.643,67.9173,0,1,0
Roadway,EP,200422.6369,1034218.46,67.8989,0,1,0
Roadway,EP,200426.6426,1034210.3,67.8338,0,1,0
Roadway,EP,200430.2478,1034202.725,67.7733,0,1,0
Roadway,EP,200432.3841,1034198.096,67.7363,0,1,0
Roadway,EP,200437.2788,1034187.489,67.6044,0,1,0
Roadway,EP,200440.3992,1034180.448,67.5171,0,1,0
Roadway,EP,200442.0132,1034176.805,67.5146,0,1,0
Roadway,EP,200442.6599,1034175.346,67.4937,0,1,0
Roadway,EP,200443.6639,1034173.081,67.4175,0,1,0
Roadway,EP,200446.1302,1034167.515,67.3388,0,1,0
Roadway,EP,200450.4082,1034157.465,67.1916,0,1,0
Roadway,EP,200451.4737,1034154.856,67.1522,0,1,0
Roadway,EP,200451.9293,1034153.741,67.1651,0,1,0
Roadway,EP,200452.1215,1034153.27,67.1545,0,1,0
Roadway,EP,200452.6933,1034151.87,67.1339,0,1,0
Roadway,EP,200456.6025,1034142.299,67.124,0,1,0
Roadway,EP,200456.8029,1034141.786,67.1234,0,1,0
Roadway,EP,200457.5776,1034139.805,67.1194,0,1,0
Roadway,EP,200457.5914,1034139.77,67.1192,0,1,0
